<?xml version="1.0" encoding="UTF-8"?>


<beans xmlns="http://www.springframework.org/schema/beans"
       xmlns:xsi="http://www.w3.org/2001/XMLSchema-instance"
       xsi:schemaLocation="http://www.springframework.org/schema/beans
                           http://www.springframework.org/schema/beans/spring-beans.xsd">

    <bean id="stud1" class="com.wipro.springcore.xmlbasedconfig.Student">
       <!--via setter injection -->
        <!-- <property name="sid" value="101"/>
    	<property name="sname" value="Niti"/>
    	<property name="saddr" value="Delhi"/> -->
    	
    	<constructor-arg name="sid" value="101"></constructor-arg>
    	<constructor-arg name="sname" value="Niti"></constructor-arg>
    	<constructor-arg name="saddr" value="Delhi"></constructor-arg>
    </bean>

</beans>