<?xml version="1.0" encoding="UTF-8"?>

<!DOCTYPE hibernate-configuration PUBLIC  
   "-//Hibernate/Hibernate Configuration DTD 5.3//EN"  
   "http://hibernate.org/dtd/hibernate-configuration-3.0.dtd">  

<hibernate-configuration>  
   <session-factory>  
      <!--  JDBC properties -->
 
 	   <property name="hibernate.connection.driver_class">com.mysql.cj.jdbc.Driver</property> 
      <property name="hibernate.connection.url">jdbc:mysql://localhost:3306/wipro</property>  
      <property name="hibernate.connection.username">root</property>  
      <property name="hibernate.connection.password">KiranKumar@17</property>  
     
       <!-- Dialect & schema -->
      <property name="hibernate.dialect">org.hibernate.dialect.MySQL8Dialect</property>  
      <property name="hibernate.hbm2ddl.auto">update</property>  
      <property name ="hibernate.show_Sql">true</property>
      
      <!--  Annotation enitites -->
      
      <mapping class="com.wipro.HibernateORMTask.model.Employee"/>  
   </session-factory>  
</hibernate-configuration>